Occupations;Code;Pekerjaan
Abstractor;CSI;Abstraktor
Academic Advisor;SEC;Penasehat akademik
Account Executive;AES;Eksekutif akun
Accountant;CSI;Akuntan
"Accountant, Cost";CIE;Akuntan biaya
"Accountant, Property";CER;Akuntan properti
"Accountant, Systems";CSE;"Akuntan, sistem"
"Accountant, Tax";ECS;"Akuntan, pajak"
Accounting Clerk;CSR;Petugas Akuntansi
Acquisitions Librarian;SAI;pustakawan akuisisi
Acrobat;AER;akrobat
Actor;AES;aktor
Actuary;ISE;aktuaris
Acupressurist;ISR;Akupresur
Acupunturist;IRE;Ahli Akupunktur
Adapted Physical Education Specialist;SRE;Spesialis Pendidikan Jasmani Yang Diadaptasi
Adhesive Bonding Machine Operator;RCS;Operator Mesin Perekat
Administrative Assistant;ESC;Asisten administratif
"Administrator, Health Care Facility";SER;"Administrator, Fasilitas Perawatan Kesehatan"
Advertising Sales Agent;ERS;Agen Penjualan Periklanan
"Agent, Artists";ESA;"Agen, seniman"
"Agent, Athletes";ESR;"Agen, atlit"
Agricultural Inspector;RIC;Inspektur/Pengawas Pertanian
Agronomist;IRS;Ahli agronomi
Air Analyst;IRS;Analis Udara
Air Traffic Control Specialist;SCE;Spesialis Kontrol Lalu Lintas Udara
"Aircraft Mechanic, Electrical and Radio";RIE;"Mekanik Pesawat, Listrik dan Radio"
Airfield Operations Specialist;RES;Spesialis Operasi Lapangan Terbang
Airplane and Power Plant Mechanic;RIE;Mekanik pembangkit listrik dan pesawat terbang
Airline Radio Operator;CRE;Operator Radio Penerbangan
Airplane Inspector;RES;Inspektur Pesawat
Airport Maintenance Chief;ERS;Kepala Pemeliharaan Bandara
Airport Manager;ESR;Manajer Bandara
Airport Utility Worker;RCI;Pekerja Utilitas Bandara
Alergist/Imunologist;ISE;Ahli Alergi / Imunologi
Amusement Park Worker;SRE;Pekerja Taman Hiburan
"Analyst, Management";ICR;"Analis, Manajemen"
Anesthesiologist;IRS;Ahli anestesi
Anesthesiologist Assistant;RSI;Asisten Ahli anestesi
Animal Breeder;RES;Peternak Hewan
Animal Nursery Worker;RCI;Pekerja Pembibitan Hewan
Animal Scientist;IRS;Ilmuwan Hewan
Animal Trainer;RES;Pelatih Hewan
"Announcer, Amusement";ESR;Penyiar
"Announcer, Radio and TV Broadcasting";SCE;Penyiar
Anthropologist;IRE;Antropolog
Appeals Referee;SCE;Wasit Banding
Appliance Repairer;RIE;#N/A
Appliance Service Supervisor;ERS;Pengawas Layanan Perkakas
Appraiser;CIR;juru taksir
"Appraiser, Governmental Sevices";IES;Penilai
"Appraiser, Real Estate";ECR;Penilai
Arbitrator;SEA;Wasit
Archeologist;IRE;arkeolog
Architect;AIR;Arsitek
"Architect, Marine";IRE;Arsitek
Archivist;AES;petugas arsip
Art Appraiser;IAS;Penilai Seni
Art Director;AES;sutradara seni
Art Therapist;SAI;Terapis Seni
Artificial Breeding Technician;RCS;Teknisi pembiakan buatan
"Artist and Repertoire Manager, Music";AES;"Artis dan Manajer Repertoar, Musik"
"Artist, Body Makeup";AER;"Seniman, Rias Tubuh"
"Artist, Exhibit";ASI;"Seniman, pameran"
"Artist, Fashion";AER;"Seniman, Busana"
"Artist, Police";ASC;"Seniman, Polisi"
"Artist, Quick Sketch";ASE;"Seniman, sketsa cepat"
"Artist, Stained Glass";ASE;#N/A
"Artist, TatToo";AEC;#N/A
"Assembler and Tester, Electronics";RIC;Perakit dan Penguji elektronik
"Assembler, Aircraft";RCI;#N/A
"Assembler, Atomic Fuel";RCS;Perakit Bahan Bakar Atom
"Assembler, Electric Signs";CRS;Perakit Tanda listrik
"Assembler, Electrical Accessories";RCS;Perakit Aksesori Listrik
"Assembler, Electronics";CRE;Perakit elektronik
"Assembler, Engine";RCI;"Perakit, mesin"
"Assembler, Equipment";RCI;Perakit Peralatan
"Assembler, Leather Goods";CRE;"Perakit, barang-barang kulit"
"Assembler, Musical Instruments";CRS;"Perakit, alat musik"
"Assembler, Small Products";CRS;#N/A
"Assembler, Switchboard Contact";CRE;Perakit kontak weselbor
Assembly Line Inspector;CRS;Inspektur/Peninjau Jalur Perakitan
"Assembly Supervisor, Agricultural Equipment";ESR;"Pengawas Majelis, Peralatan Pertanian"
"Assembly Supervisor, Woodworking";ERS;"Pengawas Majelis, Peralatan Pertanian"
"Assignment Clerk, Motor Transportation";CSR;"Petugas juru tulis, Transportasi motor"
Association Executive;ESA;Asosiasi eksekutif
Astronomer;IRE;Ahli astronomi
"Athlete, Professional";SRC;Atlet Profesional
Athletic Director;SER;Direktur Atletik
Athletic Trainer;SRE;Pelatih Atletik
"Attorney, Insurance";SEI;"Pengacara, asuransi"
"Attorney, Tax";ESI;"Pengacara, asuransi"
Auctioneer;EAS;Juru lelang
Audio and Video Equipment Technician;RIA;Teknisi Peralatan Audio dan Video
Audio Operator;RES;Operator Audio
Audiologist;ISR;Audiolog
Audiometrist;SRC;Audiometri
Audiovisual Production Specialist;AES;Spesialis Produksi Audiovisual
Audiovisual Technician;RCI;Teknisi Audio Visual
Auditor;ECI;Auditor
"Auditor, Internal";ICR;auditor internal
Auto Design Detailer;IRE;Detailer Desain Otomatis
Automobile Body Repair Supervisor;SER;Pengawas Perbaikan Mobil
Automobile Body Repairer;RIE;Bengkel Mobil
Automobile Detailer;RCE;Detailer Mobil
Automobile Mechanic;RCI;Mekanik Otomotif
Automobile Racer;RES;Pembalap mobil
Automobile Rental Clerk;ESC;Petugas Penyewaan Mobil
Automobile Service Station Attendant;RES;Petugas Bengkel Servis Mobil
Automobile Service Station Mechanic;RIC;Petugas Bengkel Servis Mobil
"Automobile Tester, Governmental Services";RCE;#N/A
Automobile Engineering Technician;RIC;#N/A
Baggage and Mail Agent;ERS;Agen Bagasi dan Surat
Baggage Handler;REC;Penangan Bagasi
Bailiff;ESR;Juru sita
Baker;RSE;Tukang roti
"Ballistics Expert, Forensic";IRE;"Pakar Balistik, Forensik"
Bank Examiner;EIC;Pemeriksa Bank
Bank Teller;CSE;Teller Bank
Bank Teller Supervisor;SEC;Pengawas Bank Teller
Barber;ESR;Tukang cukur
Barista;ECS;Barista
Bartender;SEC;Pelayan Bar
Bibliographer;CSR;ahli bibliografi
Bicycle Repairer;RSC;#N/A
Billing Clerk;CRS;#N/A
"Bindery Worker, Printing and Publishing";REC;"Bindery Worker, Printing and Publishing"
Biochemist;IRS;Biochemist
Biofuel Processing Technician;RCI;Biofuel Processing Technician
Bioinformatics Scientist;ICR;Bioinformatics Scientist
Bioinformatics Technician;ICS;Bioinformatics Technician
Biological Aide;RSI;Biological Aide
Biological Scientist;IRC;Biological Scientist
Biologist;IAR;Biologist
Biomass Plant Technician;RCI;Biomass Plant Technician
Biomedical Equipment Technician;RIE;Biomedical Equipment Technician
Biophysicist;IRE;Biophysicist
Biostatistician;IRC;Biostatistician
Blaster;RIE;Blaster
Blind Aide;SCE;Blind Aide
Boat Outfitter;REI;Boat Outfitter
Boat Repairer;RES;Boat Repairer
Bodyguard;ESC;Bodyguard
Boilermaker;RCE;Boilermaker
Bookbinder;RES;Bookbinder
Border Guard;SRE;Border Guard
Botanist;IRS;Botanist
Bricklayer;REI;Bricklayer
Bricklayer Supervisor;ERS;Bricklayer Supervisor
Bridge Inspector;RSI;Bridge Inspector
Broadcast Checker;CER;Broadcast Checker
Broadcast News Analyst;AES;Broadcast News Analyst
Broadcast Technician;RCS;#N/A
Brokerage Clerk;CSR;Brokerage Clerk
Budget Analyst;CER;Budget Analyst
Budget Clerk;CSR;Budget Clerk
Budget Officer;ESI;Budget Officer
Building Cleaner;RCS;Building Cleaner
Building Inspector;CIE;Building Inspector
Building Insulation Supervisor;ECS;Building Insulation Supervisor
Building Superintendent;RES;Building Superintendent
Bulldozer Operator;REC;Bulldozer Operator
Bureau Chief;AES;Bureau Chief
Business Consultant;IER;Business Consultant
Business Continuity Planner;EIC;Business Continuity Planner
Business Enterprise Officer;EIR;Business Enterprise Officer
Business Intelligence Analyst;IEC;Business Intelligence Analyst
"Business Manager, College or University";ESR;"Business Manager, College or University"
"Business Representative, Labor Union";ESA;"Business Representative, Labor Union"
Butcher;RSE;Butcher
Buyer;ESC;Buyer
"Buyer, Farm Products";EIS;"Buyer, Farm Products"
Cabinet Assembler;CSR;Cabinet Assembler
Cabinetmaker;RIS;Cabinetmaker
Cable Splicer;RCS;Cable Splicer
Cake Decorator;ARE;Cake Decorator
Calibration Laboratory Technician;RCI;Calibration Laboratory Technician
"Camera Operator, Television, Video, and Film";RIC;"Camera Operator, Television, Video, and Film"
Camera Repairer;RCE;Camera Repairer
Camp Director;ERS;Camp Director
Cardiologist;ISE;Cardiologist
Cardiopulmonary Technologist;ISR;Cardiopulmonary Technologist
Casdiovascular Technologist and Technician;SIR;Casdiovascular Technologist and Technician
Career Counselor;SAR;Career Counselor
Cargo and Freight Agent;CSE;Cargo and Freight Agent
Carpenter;RCE;Carpenter
Carpet Layer;REI;Carpet Layer
Cartoonist;AES;Cartoonist
Casework Supervisor;SEC;Casework Supervisor
"Caseworker, Family";SEA;"Caseworker, Family"
Cashier;CES;Cashier
Cashier Supervisor;ESR;Cashier Supervisor
Casino Booth Cashier;CES;Casino Booth Cashier
"Cellar Supervisor, Winemaking";REA;"Cellar Supervisor, Winemaking"
Central Supply Worker;CER;Central Supply Worker
Cephalometric Analyst;IRC;Cephalometric Analyst
Chauffeur;REC;Chauffeur
Chef;RSC;Chef
Chemical Equipment Operator;RIS;Chemical Equipment Operator
Chemical Laboratory Chief;IER;Chemical Laboratory Chief
Chemical Laboratory Technician;IRS;Chemical Laboratory Technician
Chemical Mixer;RES;Chemical Mixer
Chemical Plant and System Operator;RIC;Chemical Plant and System Operator
Chemical Supervisor;ERS;Chemical Supervisor
Chemical Technician;IRS;Chemical Technician
Chemist;IRE;Chemist
Chief Executive Officer;SEI;Chief Executive Officer
Chief Financial Officer;EIC;Chief Financial Officer
Chief Information Officer;IER;Chief Information Officer
Chief Operating Officer;ESI;Chief Operating Officer
Chief Sustainability Officer;ERS;#N/A
Child Development Specialist;SEC;Child Development Specialist
Chiropractor;ISR;#N/A
Chiropractor Assistant;SRE;Chiropractor Assistant
Choral Director;AES;Choral Director
Choreographer;AES;Choreographer
Circulation Clerk;ECR;Circulation Clerk
Circulation Manager;ESC;#N/A
City Manager;SEC;City Manager
Claims Adjuster;ESR;Claims Adjuster
Claims Agent;SEC;Claims Agent
Claims Examiner;ESC;Claims Examiner
Clergy;SAE;Clergy
Climate Change Analyst;IRC;Climate Change Analyst
Clinical Data Manager;CIS;Clinical Data Manager
Clinical Nurse Specialist;SIE;Clinical Nurse Specialist
Clinical Research Coordinator;ERI;Clinical Research Coordinator
"Coach, Professional Athletes";SRE;"Coach, Professional Athletes"
"Coach, Youth and Amateur Sports";ESR;"Coach, Youth and Amateur Sports"
Collection Clerk;CSR;Collection Clerk
Comedian;AES;Comedian
Commercial Designer;AER;Commercial Designer
Communication Equipment Supervisor;ACR;Communication Equipment Supervisor
Communications Consultant;EIA;Communications Consultant
Communications Equipment Operator;CRE;#N/A
Community and Social Service Specialist;SEC;Community and Social Service Specialist
Community Health Worker;SCI;Community Health Worker
Community Program Aide;SEC;Community Program Aide
Community Worker;SER;Community Worker
Compliance Manager;ESI;Compliance Manager
Composer;ASE;#N/A
Computer Aided Design Tecchnician;RCI;#N/A
Computer Network Architect;IEC;Computer Network Architect
Computer Network Support Specialist;ISC;Computer Network Support Specialist
Computer Operations Supervisor;ESI;Computer Operations Supervisor
Computer Operator;CSR;Computer Operator
Computer Peripheral Equipment Operator;CSR;Computer Peripheral Equipment Operator
Computer Programmer;IRC;Computer Programmer
Computer Security Coordinator;CIS;Computer Security Coordinator
Computer Security Specialist;CIS;Computer Security Specialist
Computer Systems Engineer/Architect;IRE;Computer Systems Engineer/Architect
Computer Systems Hardware Analyst;IRE;Computer Systems Hardware Analyst
Concierge;ESC;Concierge
"Conductor, Orchestra";AES;"Conductor, Orchestra"
"Conductor, Road Freight";ECS;"Conductor, Road Freight"
"Conductor, Train";RSC;"Conductor, Train"
Congressional District Aide;CES;Congressional District Aide
Conservations Scientist;IRE;Conservations Scientist
Construction Carpenter;RCE;Construction Carpenter
"Construction Checker, Utilities";RCI;"Construction Checker, Utilities"
Construction Inspector;REC;#N/A
Construction Superintendent;ERS;Construction Superintendent
Construction Worker;RCS;Construction Worker
Continuity Writer;AES;Continuity Writer
Contractor;EIR;Contractor
Controller/Comptroller;EIS;Controller/Comptroller
Cook Apprentice;RAS;Cook Apprentice
"Cook, Chief";REA;"Cook, Chief"
"Cook, Fast Food";RCS;"Cook, Fast Food"
"Cook, Hotel and Restaurant";RSE;#N/A
"Cook, Institution and Cafetaria";RCS;"Cook, Institution and Cafetaria"
Coordinator of Rehabilitation Services;SEI;Coordinator of Rehabilitation Services
Copywriter;ASI;Copywriter
Coroner;ISE;Coroner
Correction Officer;SER;Correction Officer
Corrective Therapist;SIR;Corrective Therapist
Correspondence Clerk;CES;Correspondence Clerk
Cosmetics Supervisor;SRE;Cosmetics Supervisor
Cosmetologist;SEA;Cosmetologist
Cost Clerk;CRS;Cost Clerk
Costumer;ARI;Costumer
Counselor;SAE;Counselor
"Counselor, Camp";SEC;"Counselor, Camp"
Counter Attendant;CER;Counter Attendant
"Counter Clerk, Photofinishing";CRE;#N/A
Country Agricultural Agent;SEC;Country Agricultural Agent
Court Administrator;ESR;Court Administrator
Court Clerk;CSE;Court Clerk
Court Officer/Deputy;ESR;Court Officer/Deputy
Court Reporter;CSE;Court Reporter
Crabber;REC;Crabber
Crane and Tower Operator;CRE;Crane and Tower Operator
Creative Director;AES;Creative Director
Credit Analyst;CRS;#N/A
Credit Authorizer;CES;Credit Authorizer
Credit Card Clerk;CER;Credit Card Clerk
Credit Counselor;SEC;Credit Counselor
Crew Scheduler;CRS;Crew Scheduler
Crime Laboratory Analyst;IRC;Crime Laboratory Analyst
Cryptanalyst;IEC;Cryptanalyst
"Curator, Museum";IRS;"Curator, Museum"
Custom Van Converter;RCI;Custom Van Converter
Customer Service Representative;CSR;#N/A
Customs Broker;CSR;Customs Broker
Customs Import Specialist;ISE;Customs Import Specialist
Customs Inspector;CEI;Customs Inspector
Cytogenetic Technologist;IRC;Cytogenetic Technologist
Cytotechnologist;ICR;Cytotechnologist
Dairy Farm Supervisor;ERC;#N/A
Dairy Scientist;IRE;Dairy Scientist
Dairy Technologist;IRS;Dairy Technologist
Dance Instructor;ASE;#N/A
Dance Therapist;ASI;Dance Therapist
Dancer;AER;Dancer
Data Communications/Telecommunications Analyst;RSI;Data Communications/Telecommunications Analyst
Data Entry Clerk;CSE;Data Entry Clerk
Data Entry Supervisor;CES;Data Entry Supervisor
Data Warehousing Specialist;CIR;Data Warehousing Specialist
Database Administrator;IRE;Database Administrator
Database Architect;ICE;Database Architect
Database Design Analyst;IRS;Database Design Analyst
Day Care Worker;SAE;Day Care Worker
Dean of Students;SEA;Dean of Students
Demonstrator;ESC;Demonstrator
Dental Assistant;SAI;Dental Assistant
Dental Ceramist;REC;Dental Ceramist
Dental Ceramist Assistant;REA;Dental Ceramist Assistant
Dental Hygienist;SAI;Dental Hygienist
Dental Laboratory Supervisor;SER;Dental Laboratory Supervisor
Dentist;ISR;Dentist
"Dentist, Public Health";IRE;"Dentist, Public Health"
"Department Head, College or University";ESI;"Department Head, College or University"
Deputy Insurance Commisioner;ESR;#N/A
Deputy United States Marshal;SEC;Deputy United States Marshal
Dermatologist;ISR;Dermatologist
Desktop Publisher;CRS;Desktop Publisher
Detective;SER;Detective
"Detective, Chief";ESC;"Detective, Chief"
"Detective, Narcotics and Vice";SRE;"Detective, Narcotics and Vice"
"Die Maker, Jewelry";RIE;#N/A
Diesel Mechanic;REI;Diesel Mechanic
Dietary Manager;ESC;Dietary Manager
Dietetic Technician;SEI;#N/A
"Dietitian, Clinical";SIE;"Dietitian, Clinical"
"Dietitian, Research";ISR;"Dietitian, Research"
"Dietitian, Teaching";SIE;"Dietitian, Teaching"
Dining Room Attendant;RCS;Dining Room Attendant
Direct Mail Clerk;CRE;Direct Mail Clerk
Director of Admissions;ESA;Director of Admissions
"Director of Guidance, Public Schools";SEI;#N/A
Director of Institutional Research;ESC;Director of Institutional Research
Director of Philanthropy/Fundraising;SEC;Director of Philanthropy/Fundraising
Director of Photography;AES;Director of Photography
Director of Student Affairs;ESC;Director of Student Affairs
Director of Vital Statistics;EAI;Director of Vital Statistics
"Director, Community Health Nursing";SEC;#N/A
"Director, Community Organization";SEA;"Director, Community Organization"
"Director, Consumer Affairs";SER;"Director, Consumer Affairs"
"Director, Correctional Agency";SEI;"Director, Correctional Agency"
"Director, Council On Aging";EAS;"Director, Council On Aging"
"Director, Craft Center";ESR;"Director, Craft Center"
"Director, Day Care Center";ESC;"Director, Day Care Center"
"Director, Film";SEC;"Director, Film"
"Director, Food Service";EIS;"Director, Food Service"
"Director, Industrial Relations";ESI;"Director, Industrial Relations"
"Director, Information Resources";IER;"Director, Information Resources"
"Director, Library";SEC;"Director, Library"
"Director, Music";AES;"Director, Music"
"Director, News";ESA;"Director, News"
"Director, Outpatient Services";ESC;"Director, Outpatient Services"
"Director, Quality Assurance";ESI;"Director, Quality Assurance"
"Director, Radio";ESC;"Director, Radio"
"Director, Regulatory Agency";ESC;"Director, Regulatory Agency"
"Director, Religious Education";SEA;"Director, Religious Education"
"Director, Research and Development";ERI;"Director, Research and Development"
"Direcctor, Special Education";SEA;#N/A
"Director, Sportcast";ESR;"Director, Sportcast"
"Director, Stage";AES;"Director, Stage"
"Director, Television";SEA;"Director, Television"
"Director, Volunteer Services";SEC;"Director, Volunteer Services"
"Director, Zoo";ESR;"Director, Zoo"
Directory Assistance Operator;CER;#N/A
Dishwaser;RCS;#N/A
"Dispatcher, Chief";ESC;"Dispatcher, Chief"
"Dispatcher, Emergency";SIC;"Dispatcher, Emergency"
"Dispatcher, Amintenance Service";CES;#N/A
"Dispatcher, Relay";ECR;"Dispatcher, Relay"
"Dispatcher, Traffic or System";SEC;"Dispatcher, Traffic or system"
"Dispatcher, Utilities Service";ECS;"Dispatcher, Utilities Service"
Display Maker;RSI;Display Maker
Display Manager;AES;Display Manager
"Displayer, Merchandise";ARE;"Displayer, Merchandise"
Distance Learning Coordinator;ESC;Distance Learning Coordinator
Distribution Manager;ECI;Distribution Manager
Distribution Supervisor;ECS;Distribution Supervisor
District Supervisor;SIE;District Supervisor
Diver;RES;Diver
Dock Supervisor;RES;Dock Supervisor
Dockworker;RIS;Dockworker
Document Management Specialist;ECI;Document Management Specialist
"Drafter, aeronautical";IRC;"Drafter, aeronautical"
"Drafter, Architectural";RCI;"Drafter, Architectural"
"Drafter, Chief";ICR;"Drafter, Chief"
"Drafter, Detail";RIE;"Drafter, Detail"
"Drafter, Electrical";IRE;"Drafter, Electrical"
"Drafter, Mechanical";IRE;"Drafter, Mechanical"
"Drafter, Structural";IRC;"Drafter, Structural"
Drafting and Printed Circuit Design Supervisor;EIC;Drafting and Printed Circuit Design Supervisor
Drama Coach;ASE;Drama Coach
Dressmaker;RSE;Dressmaker
Drilling and Production Superintendent;ERI;Drilling and Production Superintendent
"Driver, Ambulance";RSI;#N/A
"Driver, Bus";RES;"Driver, Bus"
"Driver, Sales Route";ESR;#N/A
"Driver, Truck";RCS;"Driver, Truck"
Driving Instructor;SER;Driving Instructor
Drywall Installer;RCS;Drywall Installer
e-Commerce Project Developer;IRC;e-Commerce Project Developer
e-Commerce Specialist;EAC;e-Commerce Specialist
Economist;IAS;Economist
"Editor, Book";AES;"Editor, Book"
"Editor, Journal or Magazine";AES;"Editor, Journal or Magazine"
"Editor, Managing";ESA;"Editor, Managing"
"Editor, News";AES;"Editor, News"
"Editor, Newspaper";AES;"Editor, Newspaper"
"Editor, Story";ASE;"Editor, Story"
"Editor, Technical and Scientific Publications";ASE;"Editor, Technical and Scientific Publications"
"Editor, Web site";CIA;"Editor, Web Site"
Editorial Assistant;CIA;#N/A
Editorial Writer;AES;Editorial Writer
Education Director;ESR;Education Director
"Education, Training, and Library Worker";ISE;#N/A
Educational Program Director;ESC;Educational Program Director
"Educational Programming Director, Radio and TV";ESC;"Educational Programming Director, Radio and TV"
Educational Specialist;EIS;Educational Specialist
Electric Motor Repairer;RIE;Electric Motor Repairer
Electric Power Superintendent;ECI;#N/A
Electrical Appliance Repairer;RSE;Electrical Appliance Repairer
Electrical Engineering Technologist;RIC;Electrical Engineering Technologist
Electrical Technician;RIE;#N/A
Electrician;RIE;#N/A
Electrician Assistant;RCE;#N/A
Electrician Supervisor;RES;Electrician Supervisor
"Electrician, Film";ESR;#N/A
Electrocardiograph Technician;RCI;Electrocardiograph Technician
Electroencephalographic Technologist;RCS;Electroencephalographic Technologist
Electrologist;CRE;Electrologist
Electromechanical Engineering Technologist;RIC;Electromechanical Engineering Technologist
Electro-Mechanical Technician;RIE;Electro-Mechanical Technician
Electronic Home Entertainment Equipment Installer and Repairer;REI;#N/A
Electronics Engineering Technologist;RIC;Electronics Engineering Technologist
Electronics Processing Supervisor;ESR;Electronics Processing Supervisor
Electronics Technician;IRE;Electronics Technician
Elevator Techician;RIS;Elevator Techician
Embalmer;RCI;Embalmer
Emergency Medical Technician (EMT);RSI;Emergency Medical Technician (EMT)
Employee Relations Specialist;SER;Employee Relations Specialist
Employer Relations Representative;ESC;Employer Relations Representative
Employment Clerk;CES;Employment Clerk
Employment Interviewer;SCE;Employment Interviewer
Employment Manager;ESC;#N/A
Endodontist;ISE;Endodontist
Endoscopy Technician;RIC;Endoscopy Technician
Energy Broker;ECS;Energy Broker
Energy Conservation Representative;RES;Energy Conservation Representative
Energy Control Officer;ESR;Energy Control Officer
Engine Tester;RIS;Engine Tester
"Engineer, Aerospace";IRE;"Engineer, Aerospace"
"Engineer, Agricultural";IRE;"Engineer, Agricultural"
"Engineer, Airport";ISR;"Engineer, Airport"
"Engineer, Automotive";RIE;"Engineer, Automotive"
"Engineer, Biochemical";IRE;"Engineer, Biochemical"
"Engineer, Biomedical";IRE;"Engineer, Biomedical"
"Engineer, Ceramic Design";IRE;"Engineer, Ceramic Design"
"Engineer, Chemical";IRE;"Engineer, Chemical"
"Engineer, Chemical Equipment Sales";ERI;#N/A
"Engineer, Chief";IER;"Engineer, Chief"
"Engineer, Civil";IRE;"Engineer, Civil"
"Engineer, Computer Systems Hardware";RIE;"Engineer, Computer Systems Hardware"
"Engineer, Electrical";IRE;"Engineer, Electrical"
"Engineer, Electronics";RIS;"Engineer, Electronics"
"Engineer, Environmental";IRE;"Engineer, Environmental"
"Engineer, Fire Prevention/Protection";CES;#N/A
"Engineer, Flight";RES;"Engineer, Flight"
"Engineer, Health and Safety";ISR;"Engineer, Health and Safety"
"Engineer, Highway Administrative";IEC;"Engineer, Highway Administrative"
"Engineer, Human Factors/Ergonomist";IRS;#N/A
"Engineer, Industrial";EIR;"Engineer, Industrial"
"Engineer, Industrial Health and Safety";ISR;"Engineer, Industrial Health and Safety"
"Engineer, Irrigation";IRE;"Engineer, Irrigation"
"Engineer, Locomotive";RES;"Engineer, Locomotive"
"Engineer, Manufacturing";REI;"Engineer, Manufacturing"
"Engineer, Marine";IRE;"Engineer, Marine"
"Engineer, Materials";REI;"Engineer, Materials"
"Engineer, Mechanical";RIS;"Engineer, Mechanical"
"Engineer, Mechatronics";ICR;"Engineer, Mechatronics"
"Engineer, Microsystems";IRC;"Engineer, Microsystems"
"Engineer, Nanosystems";IRC;"Engineer, Nanosystems"
"Engineer, Nuclear";IRE;"Engineer, Nuclear"
"Engineer, Operating";RIS;"Engineer, Operating"
"Engineer, Optical";RIC;"Engineer, Optical"
"Engineer, Petroleum";RIE;"Engineer, Petroleum"
"Engineer, Photogrammetric";IEC;#N/A
"Engineer, Photographic";ISE;"Engineer, Photographic"
"Engineer, Plant";RIE;#N/A
"Engineer, Pollution Control";IEC;"Engineer, Pollution Control"
"Engineer, Procurement";ECI;"Engineer, Procurement"
"Engineer, Product Safety";ISE;#N/A
"Engineer, Production";EIC;"Engineer, Production"
"Engineer, Robotics";IRC;"Engineer, Robotics"
"Engineer, Sales";ERI;"Engineer, Sales"
"Engineer, Sanitary";IER;#N/A
"Engineer, Software";IRE;"Engineer, Software"
"Engineer, Stationary";REI;"Engineer, Stationary"
"Engineer, Transportation";ISR;"Engineer, Transportation"
"Engineer, Utilities";RCI;"Engineer, Utilities"
"Engineer, Validation";IRC;"Engineer, Validation"
"Engineer, Water/Wastewater";IRE;"Engineer, Water/Wastewater"
"Engineer, Wind Energy";IRE;"Engineer, Wind Energy"
"Engineering Assistant, Mechanical Equipment";IRC;"Engineering Assistant, Mechanical Equipment"
"Engineering Manager, Electronics";IES;"Engineering Manager, Electronics"
"Engineering Technician, Civil";RIC;"Engineering Technician, Civil"
"Engraver, Glass Products";REA;"Engraver, Glass Products"
Engraver Machine;RCE;#N/A
Engrosser;RAC;Engrosser
Entomologist;IRS;#N/A
Enterpreneur;ESC;Enterpreneur
Environmental Control Installer;RCI;Environmental Control Installer
Environmental Economist;IRE;Environmental Economist
Environmental Health Scientist;ISR;Environmental Health Scientist
Environmental Restoration Planner;REA;Environmental Restoration Planner
Epidemiologist;IRE;Epidemiologist
Equal Opportunity Representative;ESA;Equal Opportunity Representative
Equestrian;AER;Equestrian
Estate Planner;ESI;Estate Planner
Estimator;RCE;Estimator
Ethnologist;IRE;Ethnologist
"Evaluator, Education";SIR;"Evaluator, Education"
Event Planner;ESC;Event Planner
Excavating and Loading Machine Operator;RES;#N/A
Excavator;RSC;Excavator
Executive Chef;SER;Executive Chef
Executive Housekeeper;ECR;Executive Housekeeper
Exercise Physiologist;ISR;#N/A
Exhibit Builder;ASR;Exhibit Builder
Exhibit Designer;ASE;Exhibit Designer
Expediter;SCE;Expediter
Exterminator;RES;Exterminator
Eyeglass Lens Cutter;RCE;Eyeglass Lens Cutter
Fabric Designer;AER;Fabric Designer
Fabric Inspector;CRE;Fabric Inspector
Fabric Tester;IRS;Fabric Tester
"Faculty Member, College or University";SEI;"Faculty Member, College or University"
"Faculty, Agricultural Sciences";IRS;"Faculty, Agricultural Sciences"
"Faculty, Anthropology and Archeology";ISA;"Faculty, Anthropology and Archeology"
"Faculty, Architecture";ISR;"Faculty, Architecture"
"Faculty, Biological Science";IRS;"Faculty, Biological Science"
"Faculty, Business";ESR;"Faculty, Business"
"Faculty, Chemistry";IRS;"Faculty, Chemistry"
"Faculty, Communications";SIA;"Faculty, Communications"
"Faculty, Computer Sciece";IRS;#N/A
"Faculty, Criminal Justice and Law Enforcement";SIC;"Faculty, Criminal Justice and Law Enforcement"
"Faculty, Earth and Space Science";IRS;"Faculty, Earth and Space Science"
"Faculty, Economics";IES;"Faculty, Economics"
"Faculty, Education";SIE;"Faculty, Education"
"Faculty, Engineering";ISR;"Faculty, Engineering"
"Faculty, English Language and Literature";ASI;"Faculty, English Language and Literature"
"Faculty, Environmental Science";SIE;#N/A
"Faculty, Ethnic and Cultural Studies";SEI;"Faculty, Ethnic and Cultural Studies"
"Faculty, Family and Consumer Sciences";SEA;"Faculty, Family and Consumer Sciences"
"Faculty, Fine Arts";ASI;"Faculty, Fine Arts"
"Faculty, Foreign Language and Literature";ASE;#N/A
"Faculty, Forestry and Conservation Science";IRS;"Faculty, Forestry and Conservation Science"
"Faculty, Geography";ISR;"Faculty, Geography"
"Faculty, Health Specialties";IES;#N/A
"Faculty, History";SEI;"Faculty, History"
"Faculty, Law";ESI;"Faculty, Law"
"Faculty, Library Science";SIE;"Faculty, Library Science"
"Faculty, Mathematics";IES;"Faculty, Mathematics"
"Faculty, Philosophy and Religion";IES;"Faculty, Philosophy and Religion"
"Faculty, Physics";IES;"Faculty, Physics"
"Faculty, Political Science";SEI;"Faculty, Political Science"
"Faculty, Psychology";ISE;"Faculty, Psychology"
"Faculty, Social Work";SEI;"Faculty, Social Work"
"Faculty, Sociology";SIE;"Faculty, Sociology"
Farm Machine Operator;RIE;#N/A
"Farmer, General";RIS;"Farmer, General"
Farmer/Rancher;RSI;#N/A
Farmworker;RSE;Farmworker
Fashion Coordinator;EAS;Fashion Coordinator
Fashion Designer;ASR;Fashion Designer
Fashion Model;EAS;Fashion Model
Fast Food Worker;SCR;Fast Food Worker
Ferryboat Captain;ESI;Ferryboat Captain
Field Contractor;SEA;Field Contractor
"Field Supervisor, Agricultural Workers";EAS;"Field Supervisor, Agricultural Workers"
File Clerk;CSR;File Clerk
Film and Video Editor;ASE;#N/A
Film Laboratory Technician;RCE;Film Laboratory Technician
Film Projectionist;RIE;Film Projectionist
Financial Aid Officer;SEC;Financial Aid Officer
Financial Manager;ESI;Financial Manager
Financial Planner;ESC;Financial Planner
Fingerprint Clerk;CEI;Fingerprint Clerk
Fire Department Battalion Chief;EIS;Fire Department Battalion Chief
Fire Fighter;RSI;Fire Fighter
Fire Inspector;CES;Fire Inspector
Fire Investigator;IRC;Fire Investigator
Fire Marshal;ERS;Fire Marshal
"Fire Marshal, Governmental Services";ESR;"Fire Marshal, Governmental Services"
Fire Protection Engineering Technician;CRI;Fire Protection Engineering Technician
Fire Warden;ESR;Fire Warden
Fireworks Display Specialist;REI;Fireworks Display Specialist
Fish and Game Warden;RES;#N/A
Fish Farmer;REI;Fish Farmer
Fitness and Wellness Coordinator;EIS;Fitness and Wellness Coordinator
Fitness Trainer and Aerobics Instructor;SRE;Fitness Trainer and Aerobics Instructor
Flight Attendant;ESA;Flight Attendant
Floral Designer;ARE;Floral Designer
Flying Instructor;SRE;Flying Instructor
Food and Drug Inspector;SAE;Food and Drug Inspector
Food Batchmaker;RCS;Food Batchmaker
Food Cooking Machine Operator;RCS;Food Cooking Machine Operator
Food Service/Nutrition Aide;SCR;Food Service/Nutrition Aide
Food Technologist;ISR;Food Technologist
Food Tester;ISR;Food Tester
Foreign Exchange Trader;EIC;Foreign Exchange Trader
Foreign Service Officer;ESA;Foreign Service Officer
Forensic Science Technician;IRC;Forensic Science Technician
Forest and Conservation Worker;RCE;Forest and Conservation Worker
Forest Echologist;IRS;#N/A
Forest Nursery Supervisor;ERS;#N/A
Forester;RIS;Forester
Foundry Supervisor;RES;#N/A
Fraud Examiner/Investigator;ICE;#N/A
Freight and Cargo Inspector;RSE;#N/A
Freight Forwarder;CSI;#N/A
Fuel Cell Technician;RIC;#N/A
Fumigator;REI;#N/A
Funds Development Director;ECS;#N/A
Funeral Attendant;SER;#N/A
Funeral Director;ESR;#N/A
Furnace and Klin Operator;RCS;#N/A
Furnace Operator;RSE;#N/A
Furniture Assembler;CRS;#N/A
Furniture Assembly Supervisor;ECR;#N/A
Gamekeeper;RSE;#N/A
Gaming and Sports Book Writer;SCE;#N/A
Gaming Dealer;SCE;#N/A
Gaming Supervisor;ECS;#N/A
Garage Supervisor;ERS;#N/A
Garment Fitter;RCE;#N/A
Gasoline Engine Repairer;REI;#N/A
"General Manager, Farm";ESR;#N/A
Generating Plant Superintendent;REI;Generating Plant Superintendent
Genetic Counselor;SIA;Genetic Counselor
Geneticist;IRS;Geneticist
Geographer;IRE;Geographer
Geographic Information Systems Technician;ICR;Geographic Information Systems Technician
Geological and Petroleum Technician;RIC;Geological and Petroleum Technician
Geological Sample Test Technician;IRC;Geological Sample Test Technician
Geologist;IRE;Geologist
"Geologist, Petroleum";RIE;"Geologist, Petroleum"
Geophysicist;IRS;#N/A
Geospatial Information Scientist and Technologist;IRC;Geospatial Information Scientist and Technologist
Geothermal Technician;RIC;Geothermal Technician
Glass Blower;RCS;Glass Blower
"Glass Blower, Laboratory Apparatus";RCA;"Glass Blower, Laboratory Apparatus"
"Glass Installer, Automobile Services";RCE;"Glass Installer, Automobile Services"
"Glazier, Construction";RSE;#N/A
"Grain Elevator, Superintendent";ESC;#N/A
Graphic Designer;AER;Graphic Designer
"Guide, Hunting and Fishing";RES;"Guide, Hunting and Fishing"
"Guide, Sightseeing";ESC;"Guide, Sightseeing"
"Guide, Travel";ESC;"Guide, Travel"
Gunsmith;RIE;#N/A
Hair Stylist;SER;Hair Stylist
Harbor Master;ESR;Harbor Master
Hazardous Material Remover;RCI;Hazardous Material Remover
Hazardous Waste Management Specialist;IRE;Hazardous Waste Management Specialist
Health Educator;SEI;Health Educator
Health Equipment Servicer;RCI;Health Equipment Servicer
"Health Officer, Field";ESI;"Health Officer, Field"
Hearing Aid Specialist;SIC;Hearing Aid Specialist
Hearing Officer;SEI;Hearing Officer
Heating and Air Conditioning Mechanic and Installer;RES;Heating and Air Conditioning Mechanic and Installer
Historian;SEI;Historian
Historic Site Administrator;ESC;Historic Site Administrator
Histotechnologist and Histologic Technician;IRE;Histotechnologist and Histologic Technician
Home Appliance Repairer;RSE;Home Appliance Repairer
Home Eergy Consultant Supervisor;ESC;#N/A
Home Health Aide;SER;Home Health Aide
Homemaker;SEC;Homemaker
Horticulturist;RAE;Horticulturist
Hospital Admitting Clerk;ECS;Hospital Admitting Clerk
Hospitalist;ISA;Hospitalist
"Host/Hostess, Restaurant";ESC;"Host/Hostess, Restaurant"
Hotel/Motel Desk Clerk;ECS;Hotel/Motel Desk Clerk
Human Resources Specialist;ESR;Human Resources Specialist
Humorist;ASE;#N/A
Hydroelectric Plant Technician;RIC;#N/A
Hydroelectric Station Operator;RCS;Hydroelectric Station Operator
Hydrologist;IRE;Hydrologist
Illustrator;AER;Illustrator
"Illustrator, Medical and Scientific";AIE;"Illustrator, Medical and Scientific"
Immunohematologist;ICS;Immunohematologist
Import-Export Agent;SEC;Import-Export Agent
Incinerator Plant Supervisor;ECR;Incinerator Plant Supervisor
Industrial Designer;AES;Industrial Designer
Industrial Ecologist;IRC;Industrial Ecologist
Industrial Engineering Technician;IRE;Industrial Engineering Technician
Industrial Engineering Technologist;EIC;Industrial Engineering Technologist
Industrial Hygienist;IRE;Industrial Hygienist
Industrial Safety and Health Technician;ERC;#N/A
Industrial Therapist;IER;Industrial Therapist
Informatics Nurse Specialist;SIC;Informatics Nurse Specialist
"Information Clerk, Motor Transportation";CES;"Information Clerk, Motor Transportation"
Information Technology Project Manager;EIC;Information Technology Project Manager
Insect and Disease Inspection Supervisor;EAI;Insect and Disease Inspection Supervisor
"Inspector, Assembly";RCI;"Inspector, Assembly"
"Inspector, Chief";RCE;"Inspector, Chief"
"Inspector, Electrical";RCE;"Inspector, Electrical"
"Inspector, Fireams";RCI;#N/A
"Indpector, Heating and Refrigeration";SIA;#N/A
"Inspector, Missile";RIE;"Inspector, Missile"
"Inspector, Screen Printing";CRA;"Inspector, Screen Printing"
"Inspector, Tester, Sorter, Sampler, ad Weigher";RIE;#N/A
Instructional Coordinator;SAE;Instructional Coordinator
Instructional Designer and Technologist;IAS;Instructional Designer and Technologist
Instrument Repair Supervisor;ERC;Instrument Repair Supervisor
Instrumentation Technician;RIC;Instrumentation Technician
Insulation Worker;RCI;Insulation Worker
Insurance Claims Clerk;SCR;Insurance Claims Clerk
Insurance Clerk;CSE;Insurance Clerk
Insurance Processing Clerk;CSR;Insurance Processing Clerk
Intelligence Analyst;ICE;Intelligence Analyst
Intelligence Research Specialist;AEI;Intelligence Research Specialist
Intelligence Specialist;ERS;Intelligence Specialist
Interior Designer;AES;Interior Designer
Internet Consultant;IER;Internet Consultant
Internet/Intranet Administrator;IRS;Internet/Intranet Administrator
"Interpreter, Sign Language";SCE;"Interpreter, Sign Language"
Interpreter/Translator;ESA;Interpreter/Translator
Inventory Clerk;RCI;Inventory Clerk
"Investigator, Dealer Accounts";CER;#N/A
"Investigator, Government Service";SIE;"Investigator, Government Service"
"Investigator, Internal Affairs";SEI;"Investigator, Internal Affairs"
Investment Analyst;CIE;Investment Analyst
Investment Underwriter;CEI;Investment Underwriter
Iron and Steel Worker;RIS;Iron and Steel Worker
Janitor;RES;Janitor
Jeweler;REC;Jeweler
Jewelry Designer;REC;Jewelry Designer
Job Analyst;ICS;Job Analyst
Job Development Specialist;SRC;Job Development Specialist
Job Tracer;ECR;Job Tracer
Jockey;RES;Jockey
Judge;ESA;Judge
Judicial Law Clerk;CIR;Judicial Law Clerk
Kennel Supervisor;RCE;Kennel Supervisor
Kitchen Supervisor;ERS;Kitchen Supervisor
"Knitter, Hand";CRE;"Knitter, Hand"
Labor Relations Specialist;ESC;Labor Relations Specialist
Laboratory Clerk;RCE;Laboratory Clerk
Laboratory Supervisor;EIS;Laboratory Supervisor
"Laboratory Supervisor, Textiles";IER;#N/A
Laboratory Technician;RIE;Laboratory Technician
Laboratory Tester;RIC;Laboratory Tester
Landscape Architect;AIR;Landscape Architect
Landscape Contractor;ESR;Landscape Contractor
Landscape Gardener;RIS;Landscape Gardener
Landscape Specialist;CRS;Landscape Specialist
Landscaping and Groundskeeping Worker;RCE;Landscaping and Groundskeeping Worker
Laser Technician;IRE;Laser Technician
Laserist;ASI;Laserist
Laundry and Dry Cleaning Worker;RES;#N/A
Lawyer;ESI;Lawyer
Legislative Assistant;ESR;Legislative Assistant
Legislator;ESC;Legislator
Librarian;SAI;Librarian
"Librarian, Head";SER;"Librarian, Head"
Library Assistant;CSE;Library Assistant
"Library Assistant, Clerical";SCR;#N/A
Library Consultant;ESI;Library Consultant
Library Technical Assistant;ESI;Library Technical Assistant
License Clerk;CSE;#N/A
"Life, Physical, and Social Science Technician";IRS;"Life, Physical, and Social Science Technician"
Lifeguard;RSC;Lifeguard
"Line Service Attendant, Air Transportation";RIE;#N/A
Linguist;ISC;Linguist
Literary Agent;ESA;#N/A
Livestock Rancher;RSI;Livestock Rancher
Livestock Yard Supervisor;REA;Livestock Yard Supervisor
"Loan Interviewer, Mortgage";ESC;"Loan Interviewer, Mortgage"
Loan Officer;SEI;Loan Officer
Lobbyist;ESA;Lobbyist
Location Manager;EAR;Location Manager
Locker Room/Coatroom/Dressing Room Attendant;SRC;Locker Room/Coatroom/Dressing Room Attendant
Locksmith;REC;Locksmith
Loggig Operations Inspector;RES;#N/A
Logging Superintendent;ERI;Logging Superintendent
Logistician;ECS;Logistician
Logistics Analyst;ICE;Logistics Analyst
Logistics Engineer;IEC;Logistics Engineer
Logistics Manager;EIC;Logistics Manager
Loss Prevention Specialist;ICR;Loss Prevention Specialist
Luggage Maker;REC;Luggage Maker
Lyricist;ASE;#N/A
Machine Maintenance/Repair Worker;RCI;Machine Maintenance/Repair Worker
Machinist;RIE;Machinist
Magician;AES;Magician
Magnetic Resonance Imaging Technologist;RSC;Magnetic Resonance Imaging Technologist
Maid/Housekeeper;RES;#N/A
Mail Clerk;CRE;Mail Clerk
Mail Handler;RSC;Mail Handler
Mail Machine Operator;RCE;Mail Machine Operator
Mailroom Supervisor;ESR;Mailroom Supervisor
Maintenance Chief;ECR;Maintenance Chief
Maintenance Inspector;RES;Maintenance Inspector
"Maintenance of Equipment Superintendent, Motor Transportation";ECS;#N/A
Maintenance Scheduler;ECS;Maintenance Scheduler
"Maintenance Supervisor, Utilities";EIR;"Maintenance Supervisor, Utilities"
Maintenance Worker;RCI;Maintenance Worker
Manager of Correctional Officers;ERS;Manager of Correctional Officers
"Manager of Farming, Fishing, and Forestry Workers";ERS;#N/A
"Manager of Helpers, Laborers, and Material Movers";ERS;"Manager of Helpers, Laborers, and Material Movers"
Manager of Landscaping and Groundskeeping Workers;REC;#N/A
"Manager of Mechacics, Installers, and Repairers";RIS;"Manager of Mechacics, Installers, and Repairers"
Manager of Office and Administrative Support Workers;SCE;Manager of Office and Administrative Support Workers
Manager of Production and Operating Workers;SRC;Manager of Production and Operating Workers
"Manager, Advertising Agency";AES;"Manager, Advertising Agency"
"Manager, Advertising and Promotions";ESC;"Manager, Advertising and Promotions"
"Manager, Apartment";ERS;"Manager, apartment"
"Manager, Automobile Service Station";ERS;#N/A
"Manager, Bakery";ESR;"Manager, Bakery"
"Manager, Barber or Beauty Shop";ESC;"Manager, Barber or Beauty Shop"
"Manager, Biofules/Biodiesel Technology and Product Development";IEC;#N/A
"Manager, Biomass Power Plant";EIS;"Manager, Biomass Power Plant"
"Manager, Branch Store";ECS;"Manager, Branch Store"
"Manager, Brokerage Office";ESR;"Manager, Brokerage Office"
"Manager, Bulk Plant";ERI;"Manager, Bulk Plant"
"Manager, Computer and Information Systems";IER;"Manager, Computer and Information Systems"
"Manager, Computer Operations";SEI;"Manager, Computer Operations"
"Manager, Conddominium";ESC;#N/A
"Manager, Convention";ESA;"Manager, Convention"
"Manager, Credit and Collection";ESC;"Manager, Credit and Collection"
"Manager, Customer Technical Services";ESR;"Manager, Customer Technical Services"
"Manager, Dance Studio";ESA;"Manager, Dance Studio"
"Manager, Dental Laboratory";EIS;"Manager, Dental Laboratory"
"Manager, Department";ESA;"Manager, Department"
"Manager, Department Store";SER;"Manager, Department Store"
"Manager, e-Commerce Merchandising";ESA;"Manager, e-Commerce Merchandising"
"Manager, Education and Training";EIS;"Manager, Education and Training"
"Manager, Employee Welfare";SEA;"Manager, Employee Welfare"
"Manager, Fast Food Services";SER;"Manager, Fast Food Services"
"Manager, Financial Institution";ESR;"Manager, Financial Institution"
"Manager, Flight Operations";ESI;"Manager, Flight Operations"
"Manager, Food Service";ESR;"Manager, Food Service"
"Manager, Golf Club";ECS;"Manager, Golf Club"
"Manager, Harbor Department";ERS;"Manager, Harbor Department"
"Manager, Hotel/Motel";ESR;"Manager, Hotel/Motel"
Manager. Housekeeping;ESR;#N/A
"Manager, Hydroelectric Production";RIE;#N/A
"Manager, Insurance office";ESC;"Manager, Insurance Office"
"Manager, Investment Fund";EIS;"Manager, Investment Fund"
"Manager, Labor Relations";ESR;"Manager, Labor Relations"
"Manager, Laboratory";IRS;"Manager, Laboratory"
"Manager, Land Surveying";IER;"Manager, Land Surveying"
"Manager, Laundromat";ERI;"Manager, Laundromat"
"Manager, Loss Prevention";ECI;"Manager, Loss Prevention"
"Manager, Marina Dry Dock";ERI;"Manager, Marina Dry Dock"
"Manager, Nursery and Greenhouse";ESA;"Manager, Nursery and Greenhouse"
"Manager, Orchard";REC;"Manager, Orchard"
"Manager, Procurement Services";ECS;"Manager, Procurement Services"
"Manager, Property/Community Association";EAS;"Manager, Property/Community Association"
"Manager, Quality Control";IER;"Manager, Quality Control"
"Manager, Records Analysis";EAI;"Manager, Records Analysis"
"Manager, Regulatory Affairs";ECI;"Manager, Regulatory Affairs"
"Manager, Retail Store";ESC;"Manager, Retail Store"
"Manager, Safety";IES;"Manager, Safety"
"Manager, Social and Community Service";ESR;"Manager, Social and Community Service"
"Manager, Solar Energy Installation";REC;"Manager, Solar Energy Installation"
"Manager, spa";ECS;"Manager, Spa"
"Manager, Storage Garage";ESR;"Manager, Storage Garage"
"Manager, Theater";ESR;"Manager, Theater"
"Manager, Training and Development";SEC;"Manager, Training and Development"
"Manager, Travel Agency";ESR;"Manager, Travel Agency"
"Manager, Vehicle Leasing and Rental";ERS;"Manager, Vehicle Leasing and Rental"
"Manager, Warehouse";ESR;"Manager, Warehouse"
"Manager, Wind Energy Operations";IER;"Manager, Wind Energy Operations"
Manicurist/Pedicurist;RAS;Manicurist/Pedicurist
Manufacturer's Representative;ESA;#N/A
Manufacturer's Service Representative;RES;Manufacturer's Service Representative
Manufacturing Engineering Technologist;RIC;Manufacturing Engineering Technologist
Manufacturing Production Technician;RIC;Manufacturing Production Technician
Mapping Technician;ECR;Mapping Technician
Marina Sales and Service Supervisor;ERA;Marina Sales and Service Supervisor
Marine Biologist;IRE;Marine Biologist
Marine Service Manager;REA;Marine Service Manager
Marine Service Technician;RCE;#N/A
Market Research Analyst;ISC;Market Research Analyst
Marketing Executive;EIC;Marketing Executive
Marriage and Family Therapist;SAI;Marriage and Family Therapist
Mason;RES;Mason
Massage Therapist;SRC;Massage Therapist
Material Scheduler;IRC;Material Scheduler
Materials Scientist;RIE;Materials Scientist
Mathematical Technician;IRC;Mathematical Technician
Mathematician;IER;Mathematician
Mechanical Door Repairer;RIC;Mechanical Door Repairer
Mechanical Engineering Technologist;RIC;Mechanical Engineering Technologist
Media and Communication Equipment Worker;RCI;Media and Communication Equipment Worker
Media Coordinator;CSE;#N/A
Media Director;ESC;Media Director
Media Marketing Director;ESR;Media Marketing Director
Medical Assistant;SCR;Medical Assistant
Medical Equipment Repairer;RCI;Medical Equipment Repairer
Medical Laboratory Assistant;IRE;Medical Laboratory Assistant
Medical Records Administrator;SIE;Medical Records Administrator
Medical Records Clerk;CSI;Medical Records Clerk
Medical Records Technician;CIR;#N/A
Medical Scientist;IER;Medical Scientist
Medical Secretary;CES;Medical Secretary
Medical Social Worker;ESA;Medical Social Worker
Medical Technologist;ISA;Medical Technologist
"Medical Technologist, Chief";IER;"Medical Technologist, Chief"
Medical Transcriptionist;CSR;Medical Transcriptionist
Memorial Designer;AER;Memorial Designer
Mental Health and Substance Abuse Social Worker;SEA;Mental Health and Substance Abuse Social Worker
Mental Health Counselor;SAE;Mental Health Counselor
Metallographer;IRE;Metallographer
"Metallurgist, Physical";IRE;"Metallurgist, Physical"
Meteorologist;IRS;Meteorologist
Meter Inspector;RCE;#N/A
Meter Reader;CSE;Meter Reader
Methane/Landfill Gas Collection Systems Operator;RCE;Methane/Landfill Gas Collection Systems Operator
Metrologist;IES;Metrologist
Microbiologist;ISC;Microbiologist
Microelectronics Technician;RCI;Microelectronics Technician
Midwife;SIR;Midwife
Mill Supervisor;ERC;Mill Supervisor
Mime;AEI;#N/A
Mine Inspector;ERC;Mine Inspector
Miner;RIE;Miner
Mineralogist;ISR;Mineralogist
Miniature Set Constructor;ARE;Miniature Set Constructor
Mining Machine Operator;RCI;Mining Machine Operator
Model Maker;ARI;Model Maker
"Model Maker, Pottery and Porcelain";RAE;#N/A
"Model, Photographers";AES;"Model, Photographers"
Modeling Instructor;ASE;#N/A
Molding and Casting Worker;ARI;Molding and Casting Worker
Molecular and Cellular Biologist;IRC;Molecular and Cellular Biologist
Mortgage Clerk;CRS;Mortgage Clerk
Motorboat Mechanic and Service Technician;RES;Motorboat Mechanic and Service Technician
Motorcycle Mechanic;RIE;Motorcycle Mechanic
Mover;RSE;Mover
"Mover, Residential";RSE;"Mover, Residential"
Multiple Machine Operator;RIS;Multiple Machine Operator
Music Arranger;AEI;Music Arranger
Music Copyist;CRS;Music Copyist
Music Librarian;SRE;Music Librarian
Music Supervisor;EAS;Music Supervisor
Music Therapist;SAE;Music Therapist
"Musician, Instrumental";ASC;"Musician, Instrumental"
Nanny;SRE;Nanny
Nanotechnology Engineering Technician;RIC;Nanotechnology Engineering Technician
Nonotechnology Engineering Technologist;IRC;#N/A
Narrator;AES;Narrator
Natural Science Manager;IER;#N/A
Navigator;ICR;Navigator
Network Administrator/Network Control Supervisor;SEC;Network Administrator/Network Control Supervisor
Network Designer;IES;Network Designer
Neorologist;IRS;#N/A
Neoropsychologist;ISA;#N/A
New Accounts Clerk;SCE;New Accounts Clerk
Newcaster;ESI;#N/A
Night Auditor;CRS;Night Auditor
Non-Destructive Testing Specialist;IRC;Non-Destructive Testing Specialist
Nuclear Equipment Operation Technician;RCS;Nuclear Equipment Operation Technician
Nuclear Medicine Technologist;RIS;Nuclear Medicine Technologist
Nuclear Power Plant Operations Supervisor;EIS;Nuclear Power Plant Operations Supervisor
Nuclear Power Reactor Operator;RIE;Nuclear Power Reactor Operator
Nuclear Technician;RCI;Nuclear Technician
Nurse Anesthetist;ISE;#N/A
Nurse Assistant;SER;Nurse Assistant
Nurse Midwife;SIR;#N/A
Nurse Practitioner;ISA;Nurse Practitioner
"Nurse, Acute Care";SIR;"Nurse, Acute Care"
"Nurse, Critical Care";SIC;"Nurse, Critical Care"
"Nurse, General Duty (RN)";SIA;"Nurse, General Duty (RN)"
"Nurse, Instructor";SIE;"Nurse, Instructor"
"Nurse, Licensed Practical";SAC;"Nurse, Licensed Practical"
"Nurse, Office";SIR;"Nurse, Office"
"Nurse, Private Duty";ISR;"Nurse, Private Duty"
"Nurse, Psychiatric";SEI;"Nurse, Psychiatric"
"Nurse, School";SIE;"Nurse, School"
"Nurse, Supervisor";SEI;"Nurse, Supervisor"
Obstetrician;IRS;Obstetrician
Occupational Health and Safety Technician;CES;#N/A
Occupational Safety and Health Inspector;ECS;Occupational Safety and Health Inspector
Occupational Therapist;SRE;Occupational Therapist
Occupational Therapy Aide;SCR;Occupational Therapy Aide
Occupational Therapy Assistant;SCE;Occupational Therapy Assistant
Office Assistant;ECR;Office Assistant
Office Clerk;CRS;Office Clerk
Office Manager;ESR;Office Manager
Oil-Well Services Superintendent;ERS;Oil-Well Services Superintendent
Online Merchant;ECA;Online Merchant
"Operations Manager, Motor Transportation";ESI;"Operations Manager, Motor Transportation"
Operations Research Analyst;IRE;#N/A
Opthalmic Medical Technician;CIS;#N/A
Opthalmic Medical Technologist;CIS;#N/A
Opthalmic Technician;CIS;#N/A
Opthalmologist;ISR;#N/A
Optical Effects Camera Operator;ASR;Optical Effects Camera Operator
Optical Effects Layout Person;ASC;Optical Effects Layout Person
Optical Technician;REI;Optical Technician
"Optician, Dispensing";SEI;"Optician, Dispensing"
Optometric Assistant;SCI;#N/A
Optometrist;ISE;Optometrist
Oral and Maxilofacial Surgeon;IRA;#N/A
"Order Filer, Wholesale and Rental Sales";RCE;#N/A
Orderly;SRE;Orderly
Ornamental Metalwork Designer;ARS;Ornamental Metalwork Designer
Orthodontic Technician;RCE;Orthodontic Technician
Orthodontist;ISR;Orthodontist
Orthoptist;ISR;Orthoptist
Orthotics Technician;RSC;#N/A
Orthotist;RSE;#N/A
Package Designer;AEI;Package Designer
Packer and Package;RCS;#N/A
Painter;ASI;#N/A
"Painter, Animater Cartoons";CER;#N/A
"Painter, Construction";RSE;"Painter, Construction"
"Painter, Electrostatic";RIC;"Painter, Electrostatic"
"Painter, Hand";ARE;"Painter, Hand"
Painting Instructor;AES;Painting Instructor
Paleontologist;ISR;Paleontologist
"Paperhanger, Construction";RSE;"Paperhanger, Construction"
Paralegal;SEC;Paralegal
Parasitologist;IRS;Parasitologist
Park Narutalist;SEI;#N/A
Park Superintendent;ERA;Park Superintendent
Parking Lot attendant;CRE;Parking Lot Attendant
Parking Lot Supervisor;SER;#N/A
Parts Clerk;RCS;Parts Clerk
Parts Salesperson;ESR;Parts Salesperson
"Passenger Service Representative, Air Transportation";SEC;"Passenger Service Representative, Air Transportation"
"Passenger Service Representative, Railroad Transportation";ECS;"Passenger Service Representative, Railroad Transportation"
Passport Application Examiner;CES;Passport Application Examiner
Pastry Chef;RAS;Pastry Chef
Patent Agent;EAI;Patent Agent
Pathologist;IRE;Pathologist
Patient Representative;SEC;Patient Representative
Paving Equipment Operator;RCE;Paving Equipment Operator
Pawnbroker;ECS;Pawnbroker
Payroll Clerk;CRE;Payroll Clerk
Pediatrician;ISE;#N/A
Perfumer;ISE;#N/A
Periodontist;IRE;Periodontist
Personal Shopper;ESR;Personal Shopper
Personnel Clerk;CSE;Personnel Clerk
Personnel Manager;SEC;Personnel Manager
Personnerl Recruiter;SCE;#N/A
Pesticide Applicator;RIE;Pesticide Applicator
Pesticide Control Inspector;CIR;Pesticide Control Inspector
Petroleum Inspector;CSE;Petroleum Inspector
Pewterer;ASR;Pewterer
Pharmaceutical Sales Representative;EIS;#N/A
Pharmacist;IES;Pharmacist
Pharmacologist;IRE;Pharmacologist
Pharmacy Aide;REC;Pharmacy Aide
Pharmacy Technician;REC;Pharmacy Technician
Philologist;AIS;Philologist
Philebotomist;SRI;#N/A
Photo Technician;RCI;Photo Technician
Photogrammetrist;IRC;Photogrammetrist
Photograph Retoucher;RCA;Photograph Retoucher
"Photographer, Still";ARS;"Photographer, Still"
Photographic Process Worker;REI;Photographic Process Worker
Photojournalist;AEC;#N/A
Physitrist;IRE;#N/A
Physical Eeductaion Instructor;SER;#N/A
Physical Therapist;SIE;Physical Therapist
Physical Therapist Assistant;SCR;#N/A
Physical Therapy Aide;ESC;Physical Therapy Aide
Physician Assistant;ISA;Physician Assistant
"Physician, General Practioner";ISE;"Physician, General Practioner"
"Physician, Internist";ISA;"Physician, Internist"
"Physician, Naturopathic";SIR;"Physician, Naturopathic"
"Physician, Nuclear Medicine";SIE;#N/A
"Physician, Occupational";ISC;"Physician, Occupational"
"Physician, Osteopathic Medicine";ISR;"Physician, Osteopathic Medicine"
"Physician, Preventive Medicine";ISA;"Physician, Preventive Medicine"
"Physician, Sports Medicine";ISR;"Physician, Sports Medicine"
Physicist;IRE;Physicist
Physiologist;IRE;Physiologist
Piano Technician;RAE;Piano Technician
Piano Tuner;RCS;Piano Tuner
Picture Framer;RCE;Picture Framer
"Pilot, Airplane";IRE;"Pilot, Airplane"
"Pilot, Commercial Airplane";RIE;"Pilot, Commercial Airplane"
"Pilot, Executive";RIE;"Pilot, Executive"
"Pilot, Helicopter";RIS;#N/A
"Pilot, Highway Patrol";ERS;"Pilot, Highway Patrol"
Pipe Fitter;RCE;Pipe Fitter
Pipelayer;RCE;Pipelayer
Pipelines Supervisor;REC;Pipelines Supervisor
Placement Director;ESA;Placement Director
Planetarium Technician;RCI;Planetarium Technician
Plant Pathologist;IRS;Plant Pathologist
Plant Supervisor;SRE;Plant Supervisor
Plasterer and Stucco Mason;RES;#N/A
Plating and Coating Machine Operator;RIE;Plating and Coating Machine Operator
Playwright;ASE;#N/A
Plumber;REI;Plumber
Podiatrist;SIR;Podiatrist
Poet;AES;Poet
"Police Captain, Precinct";ERS;"Police Captain, Precinct"
Police Officer;SER;Police Officer
"Police Officer, Crime Prevention";SCR;#N/A
"Police Officer, Safety Instruction";SCE;"Police Officer, Safety Instruction"
"Police Officer, State Highway";RSE;"Police Officer, State Highway"
Political Scientist;SEI;Political Scientist
Politician;ESA;Politician
Pllution Control Technician;RSI;#N/A
Polygrapgh Examiner;CIS;#N/A
Post Office Clerk;CSE;Post Office Clerk
Postal Service Mail Carrier;CRS;Postal Service Mail Carrier
Pstmaster;ESR;#N/A
Precision Agriculture Technician;RIC;Precision Agriculture Technician
Preparation Plant Supervisor;EAR;Preparation Plant Supervisor
Prepress Technician;ARE;Prepress Technician
"President, Educational Institution";ESR;"President, Educational Institution"
"President, Financial Institution";SEI;"President, Financial Institution"
Press Operator;RSC;Press Operator
Preventive Maintenance Coordinator;CRE;Preventive Maintenance Coordinator
Print Binding and Finishing Worker;RCA;#N/A
Printed Circuit Desiger;IRC;#N/A
Printing Machine Operator;RCI;Printing Machine Operator
Printmaker;AES;Printmaker
Private Investigator;ESI;Private Investigator
Probation/Parole Officer;SIE;Probation/Parole Officer
"Process Artist, Printing and Publishing";REA;"Process Artist, Printing and Publishing"
Process Server;ESC;Process Server
Procurement Clerk;CES;Procurement Clerk
"Producer, Film";ESA;"Producer, Film"
"Producer, Radio and TV";SEA;"Producer, Radio and TV"
Production Clerk;CSR;Production Clerk
Production Coordinator;ESR;Production Coordinator
Production Laborer;RCS;Production Laborer
Production Manager;ERC;Production Manager
"Production Manager, Advertising";ASE;#N/A
Production Planner;REI;Production Planner
"Production Superintendent, Agriculture";EIR;"Production Superintendent, Agriculture"
"Program Administrator, Alcohol and Drug Abuse Assistance";ESR;#N/A
"Program Coordinator, Amusement and Recreation";AES;"Program Coordinator, Amusement and Recreation"
Program Manager;EIR;Program Manager
Program Services Planner;EIS;Program Services Planner
"Project Manager, Environmental Research";EIS;"Project Manager, Environmental Research"
"Projectionist, Chief";SCR;"Projectionist, Chief"
Proofreader;CSI;Proofreader
Property Clerk;CRS;Property Clerk
Prospector;RIS;Prospector
Prosthetics Technician;RIE;Prosthetics Technician
Prosthetist;RSE;Prosthetist
Prosthodontist;ISR;Prosthodontist
Psychiatric Aide;SEC;Psychiatric Aide
Psychiatric Aide Instructor;SCE;#N/A
"Psychiatric Aide, Mentally Challenged";SRI;"Psychiatric Aide, Mentally Challenged"
Psychiatric Technician;SIE;Psychiatric Technician
Psychiatrist;ISA;Psychiatrist
"Psychologist, Chief";ISE;"Psychologist, Chief"
"Psychologist, Clinical";SIA;"Psychologist, Clinical"
"Psychologist, Counseling";SIA;"Psychologist, Counseling"
"Psychologist, Educational";IES;"Psychologist, Educational"
"Psychologist, Experimental";IES;"Psychologist, Experimental"
"Psychologist, Industrial-Organizational";IES;#N/A
"Psychologist, School";SEI;"Psychologist, School"
Psychometrist;IES;Psychometrist
Public Health Service Officer;IES;Public Health Service Officer
Public Relations Representative;ASE;#N/A
Public Relations Specialist;AES;Public Relations Specialist
Pulmonary Function Technician;IRC;Pulmonary Function Technician
Puppeteer;AEI;Puppeteer
Purchasing Agent;ESR;Purchasing Agent
Purification Operator;RSE;Purification Operator
Quality Assurance Analyst/Tester;RIC;Quality Assurance Analyst/Tester
Quality Control Analyst;IRC;Quality Control Analyst
"Quality Control Clerk, Drug Preparation and Relate prodducts";CSR;#N/A
Quality Control Coordinator;CES;Quality Control Coordinator
"Quality Control Technician, Food Preparation";REI;"Quality Control Technician, Food Preparation"
"Quality Control Technician, Manufactured Products";RCI;"Quality Control Technician, Manufactured Products"
Radiation Monitor;RCS;Radiation Monitor
Radiation Protection Specialist;IRS;Radiation Protection Specialist
Radiation Therapy Technologist;RIS;Radiation Therapy Technologist
Radio Frequency Identification Device Specialist;RIC;Radio Frequency Identification Device Specialist
Radio Operator;RCE;Radio Operator
"Radio Cellular, and Tower Equipment Installer and Repairer";RIE;#N/A
Radiologic Technician;SRI;Radiologic Technician
Radiologic Technologist;SRI;Radiologic Technologist
"Radiologic Technologist, Chief";ISE;"Radiologic Technologist, Chief"
Radiological Equipment Specialist;RES;Radiological Equipment Specialist
Radiologist;IRS;Radiologist
Radiopharmacist;IRC;Radiopharmacist
Railway Equipment Operator;ERA;Railway Equipment Operator
Range Manager;IRS;Range Manager
"Rate Analyst, Freight";CSE;"Rate Analyst, Freight"
Real Estate Broker;ECS;Real Estate Broker
Receipt and Report Clerk;CRI;Receipt and Report Clerk
Receptionist;CSE;Receptionist
Recreation Aide;SCR;Recreation Aide
Recreation Leader;SEI;Recreation Leader
Recreation Supervisor;ESA;Recreation Supervisor
Recreational Therapist;SEC;Recreational Therapist
Recruiter;SRE;Recruiter
Recycling and Reclamation Worker;RCS;Recycling and Reclamation Worker
Recycling Coordinator;ERC;Recycling Coordinator
"Referral Clerk, Temporary Employment Agency";CES;#N/A
"Refinery Operator, Grain";RES;"Refinery Operator, Grain"
Refrigeration Mechanic;RES;Refrigeration Mechanic
Refuse and Recyclable Material Collector;RCS;Refuse and Recyclable Material Collector
"Registrar, College or University";ESC;"Registrar, College or University"
"Registrar, Museum";CER;"Registrar, Museum"
Regulatory Affairs Specialists;CEI;Regulatory Affairs Specialists
Reinforcing Iron and Rebar Worker;RCI;Reinforcing Iron and Rebar Worker
Remote Sensing Scientist/Technologist;IRC;Remote Sensing Scientist/Technologist
Remote Sensing Technician;IRC;#N/A
"Repairer, Art Objects";RCE;"Repairer, Art Objects"
"Repairer, Electronics and Computers";RIS;#N/A
"Repairer, Welding Equipment";REI;"Repairer, Welding Equipment"
Reporter/News Correspondent;ASI;Reporter/News Correspondent
Research Contracts Supervisor;SEI;Research Contracts Supervisor
Research Director;SEA;Research Director
Reservation Clerk;CES;Reservation Clerk
"Reservations Agent, Air Transportation";CES;"Reservations Agent, Air Transportation"
Residental Advisor;SEC;#N/A
Respiratory Therapist;SIR;Respiratory Therapist
Respiratory Therapy Aide;SRC;Respiratory Therapy Aide
Respiratory Therapy Technician;SRI;Respiratory Therapy Technician
"Restorer, Ceramic";ASI;"Restorer, Ceramic"
"Restorer, Paintings";ASR;#N/A
"Restorer, Paper and Prints";AIS;"Restorer, Paper and Prints"
Revenue Agent;ERI;Revenue Agent
Rigger;RSC;Rigger
Risk Management Specialist;EIC;Risk Management Specialist
Road Supervisor;ERI;Road Supervisor
Robot Technician;IRS;Robot Technician
Roofer;REC;Roofer
"Roustabout, Oil and Gas";RCI;"Roustabout, Oil and Gas"
Route Supervisor;SER;Route Supervisor
Safety Clothing and Equipment Designer;AER;#N/A
Safety Inspector;RCS;Safety Inspector
"Safety Inspector, Truck";REC;"Safety Inspector, Truck"
"Safety Manager, Medical Services";SEC;"Safety Manager, Medical Services"
"Sales Agent, Financial Services";ESC;"Sales Agent, Financial Services"
"Sales Agent, Insurance";ESC;"Sales Agent, Insurance"
"Sales Agent, Real Estate";ESC;"Sales Agent, Real Estate"
"Sales Agent, Securities and Commodities";EAS;#N/A
Sales Clerk;ESR;Sales Clerk
Sales Correspondent;ERS;Sales Correspondent
"Sales Representative , Advertising";ESR;#N/A
"Sales Representative, Farm and Garden Equipment and Supplies";ESR;"Sales Representative, Farm and Garden Equipment and Supplies"
"Sales Representative, Footwear";ESA;#N/A
"Sales Representative, Graphic Art";AES;"Sales Representative, Graphic Art"
"Sales Representative, Hobbies and Crafts";ESR;#N/A
"Sales Representative, Household Appliances";ESA;"Sales Representative, Household Appliances"
"Sales Representative, Office Machines";ESR;"Sales Representative, Office Machines"
"Sales Representative, Security Systems";ERI;"Sales Representative, Security Systems"
"Sales Representative, Technical and Scientific Products";ESR;"Sales Representative, Technical and Scientific Products"
"Salesperson, Apparel and Accessories";EAS;"Salesperson, Apparel and Accessories"
"Salesperson, Automobiles";ESR;#N/A
"Salesperson, Books";ESC;"Salesperson, Books"
"Salesperson, Cosmetics and Toiletries";ESA;#N/A
"Salesperson, Flowers";AER;"Salesperson, Flowers"
"Salesperson, General Merchandise";ESA;"Salesperson, General Merchandise"
"Salesperson, Musical Instruments and Accessories";ESA;#N/A
"Salesperson, Pianos and Organs";ESR;"Salesperson, Pianos and Organs"
"Salesperson, Sporting Goods";ESA;"Salesperson, Sporting Goods"
"Sampler, Minerals and Eraths";ECR;#N/A
Sanitarian;ISR;Sanitarian
Sanitation Inspector;ERS;Sanitation Inspector
Sanitation Superintendent;ESI;#N/A
Sanitation Supervisor;ERI;Sanitation Supervisor
Satellite Communications Technician;RCI;Satellite Communications Technician
Sawing Machine Operator;RIC;#N/A
Scenic Arts Supervisor;AES;Scenic Arts Supervisor
Schedule Maker;ERI;Schedule Maker
School Crossing Guard;ESC;School Crossing Guard
School Principal;SEI;School Principal
School/Guidance Counselor;SCE;School/Guidance Counselor
Screen Writer;AEI;Screen Writer
Scuba Diver;REI;#N/A
Sculptor;AER;Sculptor
Search Marketing Strategist;EIS;Search Marketing Strategist
Secretary;CSE;Secretary
Securities Clerk;CSE;Securities Clerk
"Securities Trader, Financial";ECS;"Securities Trader, Financial"
Security and Fire Alarm Systems Installer;RCS;#N/A
Security Consultant;ESC;Security Consultant
Security Guard;SEC;Security Guard
Security Manager;EIC;Security Manager
Seismologist;IRE;Seismologist
Semiconductor Technician;ERC;Semiconductor Technician
"Service Manager, Automobile Services";ESR;"Service Manager, Automobile Services"
"Service Unit Operator, Oil, Gas, and Mining";RCI;"Service Unit Operator, Oil, Gas, and Mining"
"Set Decorator, Theater and Film";AES;"Set Decorator, Theater and Film"
"Set Designer, Theater and Film";AIE;"Set Designer, Theater and Film"
Sewer System Supervisor;EIR;Sewer System Supervisor
Sewing Machine Operator;CSR;Sewing Machine Operator
Sheet Metal Worker;REI;Sheet Metal Worker
Sheriff/Deputy Sheriff;REC;Sheriff/Deputy Sheriff
Ship Captain;ERI;Ship Captain
Ship Mate;ERS;Ship Mate
Ship Pilot;REI;Ship Pilot
Shipfitter;RIE;Shipfitter
Shipping and Receiving Clerk;REI;Shipping and Receiving Clerk
"Shipping anf Receiving, Order Clerk";CES;#N/A
Shoe Repairer;RSE;Shoe Repairer
Shopping Investigator;ESC;Shopping Investigator
Show Operations Supervisor;ASE;#N/A
Sign Shop Supervisor;AES;Sign Shop Supervisor
Silversmith;RSC;Silversmith
Siger;AES;#N/A
Singing Messenger;ASC;Singing Messenger
Skin Care Specialist;RSA;#N/A
Small Engine Mechanic;REC;Small Engine Mechanic
Social Director;ESC;Social Director
Social Science Research Assistant;CIS;Social Science Research Assistant
Social Services Aide;SCE;Social Services Aide
Social Welfare Administrator;ESA;#N/A
Social Worker;SEC;Social Worker
Sociologist;IES;Sociologist
Software Developer;IRC;Software Developer
Software Quality Assurance Engineer and Tester;ICR;Software Quality Assurance Engineer and Tester
Soil Conservation Technician;IRC;Soil Conservation Technician
Soil Conservationist;IRE;Soil Conservationist
Solar Energy Systems Designer;RIC;Solar Energy Systems Designer
Solar Fabrication Technician;RCI;Solar Fabrication Technician
Solar Photovoltaic Installer;RCI;Solar Photovoltaic Installer
Solar Sales Representative and Assessor;ESC;Solar Sales Representative and Assessor
Solar Thermal Installer/Technician;RCI;Solar Thermal Installer/Technician
Solderer and Brazer;CRS;Solderer and Brazer
Sound Effects Technician;RAE;Sound Effects Technician
Sound Mixer;RCS;Sound Mixer
Sound Technician;RIE;Sound Technician
"Special Agent, Customs";SRI;"Special Agent, Customs"
"Special Agent, Governmental Services";ERI;"Special Agent, Governmental Services"
Special Education Supervisor;SEC;Special Education Supervisor
Speech-Language Pathologist;SAI;Speech-Language Pathologist
Speech-Language Pathology Assistant;SRC;Speech-Language Pathology Assistant
Stage Manager;ESC;Stage Manager
Stage Technician;ARS;Stage Technician
Statement Clerk;CSE;Statement Clerk
"Station Manager, Radio and TV";ESR;"Station Manager, Radio and TV"
"Station Manager, Railroad";ESC;"Station Manager, Railroad"
Statistical Assistant;ICS;Statistical Assistant
Statistician;IRE;Statistician
Stock Clerk;RCE;Stock Clerk
Stock Control Clerk;CRI;Stock Control Clerk
Stock Transfer Clerk;CER;Stock Transfer Clerk
Stockbroker;EAS;Stockbroker
Stone Carver;ARE;Stone Carver
Stonemason;RCE;Stonemason
Stress Analyst;IRC;Stress Analyst
Structural Metal Fabricator and Fitter;RIS;Structural Metal Fabricator and Fitter
Substance Abuse Counselor;SEA;Substance Abuse Counselor
"Substation Operator, Utilities";RIS;"Substation Operator, Utilities"
Superintendent of Schools;SEI;Superintendent of Schools
Surgeon;IRA;Surgeon
Surgical Assistant;IRS;Surgical Assistant
Surveillance System Monitor;CSR;Surveillance System Monitor
Survey Researcher;ICE;Survey Researcher
Survey Worker Supervisor;SEC;Survey Worker Supervisor
"Surveyor, Geodetic";IRE;"Surveyor, Geodetic"
"Surveyor, Hydrographic";IER;"Surveyor, Hydrographic"
"Surveyor, Land";IER;"Surveyor, Land"
"Surveyor, Ship";REC;"Surveyor, Ship"
Sustainability Specialist;ICE;Sustainability Specialist
Switchboard Operator/Answering Service Operator;CSE;Switchboard Operator/Answering Service Operator
systems Analyst;IER;Systems Analyst
Tailor;RIE;Tailor
Talent Manager;ESC;Talent Manager
Taper/Finisher;RCS;Taper/Finisher
Tax Preparer;CES;#N/A
Taxicab Coordinator;SCE;Taxicab Coordinator
Teacher Aide;SCE;Teacher Aide
"Teacher, Adult Education";SER;"Teacher, Adult Education"
"Teacher, Art";ASE;#N/A
"Teacher, Drama";ASE;#N/A
"Teacher, Elementary School";SAE;#N/A
"Teacher, Elementary School, Special Education";SEC;"Teacher, Elementary School, Special Education"
"Teacher, Industrial Arts";REI;"Teacher, Industrial Arts"
"Teacher, Kindergarten";SEC;"Teacher, Kindergarten"
"Teacher, Middle School, Special Education";SEC;"Teacher, Middle School, Special Education"
"Teacher, Music";AES;"Teacher, Music"
"Teacher, Preschool";SAE;"Teacher, Preschool"
"Teacher, Preschool, Special Education";SEC;"Teacher, Preschool, Special Education"
"Teacher, Secondary School";SAE;"Teacher, Secondary School"
"Teacher, Secondaru School, Special Education";SEC;#N/A
Techical Support Specialist;SER;#N/A
Technical Writer;IRS;Technical Writer
"Technician, Dialysis";ISC;"Technician, Dialysis"
"Technician, Surgical";ISR;"Technician, Surgical"
Telecommunications Engineering Specialist;REI;Telecommunications Engineering Specialist
Telecommunications Equipment Installer and Repairer;REI;Telecommunications Equipment Installer and Repairer
Telecommunications Line Installer and Repairer;REI;Telecommunications Line Installer and Repairer
Telecommunications Specialist;ECS;Telecommunications Specialist
Telecommunications Technician;RIS;Telecommunications Technician
Telecommunicator Supervisor;ECS;Telecommunicator Supervisor
Telemarketer;ESC;Telemarketer
Television Production Clerk;CRS;Television Production Clerk
Television Technician;RIA;Television Technician
Terrazo Worker and Finisher;REC;#N/A
Test Technician;IRE;Test Technician
Ticket Sales Agent;CSE;Ticket Sales Agent
Ticket Sales Supervisor;ESR;Ticket Sales Supervisor
Tire Repairer and Changer;RCE;Tire Repairer and Changer
Tissue Technologist;IRE;Tissue Technologist
Title Examiner;CSE;Title Examiner
Tool and Die Maker;RCI;Tool and Die Maker
Tools Designer;RIS;Tools Designer
"Tools Programmer, Numerical Control";IRE;#N/A
Town Clerk;ECI;Town Clerk
Toxicologist;IRC;Toxicologist
"Toxicologist, Chief";IRE;"Toxicologist, Chief"
Tractor Operator;RCE;Tractor Operator
Traffic Checker;ERC;Traffic Checker
Traffer Clerk;CRS;#N/A
Traffic Maintenance Supervisor;ERI;Traffic Maintenance Supervisor
Traffic Manager;ESR;Traffic Manager
Traffic Technician;REI;Traffic Technician
Train Dispatcher;ECS;Train Dispatcher
Training and Development Specialist;SIE;Training and Development Specialist
Transportation Director;ESR;Transportation Director
Transportation Inspector;CRS;Transportation Inspector
Transportation Manager;ERA;Transportation Manager
Transportation Planner;ICR;Transportation Planner
Transportation Security Officer;REC;Transportation Security Officer
Travel Agent;ECS;Travel Agent
Tree Surgeon;REI;Tree Surgeon
Tree Trimmer/Pruner;RCE;Tree Trimmer/Pruner
Tutor;SEC;Tutor
Typist/Transcriptionist;CRS;Typist/Transcriptionist
Ultrasound Technologist;RSI;Ultrasound Technologist
Umpire/Referee;ESR;Umpire/Referee
Underwriter;CSE;Underwriter
Upholsterer;RCS;Upholsterer
"Upholsterer, Chair and Furiture";RSC;#N/A
Urban Planner;ESI;Urban Planner
Urologist;ISR;Urologist
"Usher, Lobby Attendant, and Ticket Taker";SCR;#N/A
Utilities Service Investigator;EIR;Utilities Service Investigator
Utility Clerk;CER;Utility Clerk
Vendor Quality Supervisor;EIA;Vendor Quality Supervisor
Veteranian;IRS;#N/A
Veterinary Assistant;RSI;Veterinary Assistant
Veterinary Livestock Inspector;IRE;Veterinary Livestock Inspector
Veterinary Technologist and Technician;IRS;Veterinary Technologist and Technician
Video Game Designer;AIE;Video Game Designer
Video Game Programmer;IRE;Video Game Programmer
Vision Rehabilitation Therapist;SER;Vision Rehabilitation Therapist
Vocational Rehabilitation Consultant;ESR;Vocational Rehabilitation Consultant
Vocational Rehabilitation Counselor;SEC;Vocational Rehabilitation Counselor
Voice Pathologist;IER;Voice Pathologist
Volunteer Services Supervisor;ESR;Volunteer Services Supervisor
Waiter/Waitress;ESC;Waiter/Waitress
"Waiter/Waitress, Head";ESR;"Waiter/Waitress, Head"
Warehouse Supervisor;ESR;Warehouse Supervisor
Watch Repairer;REI;Watch Repairer
Water Quality Tester;REI;Water Quality Tester
Water Resources Specialist;IRC;Water Resources Specialist
Water Treatment Plant Operator;RCE;Water Treatment Plant Operator
Water Treatment Plant Supervisor;EIR;Water Treatment Plant Supervisor
Water/Sewer Systems Superintendent;IER;Water/Sewer Systems Superintendent
Weather Observer;RIE;Weather Observer
Weatherization Installer/Technician;RIC;#N/A
"Weaver, Carpet and Rug";RCE;"Weaver, Carpet and Rug"
Web Administrator;IER;Web Administrator
Web Developer/Designer;ACI;Web Developer/Designer
Wedding Consultant;SEC;Wedding Consultant
Welder;RIS;Welder
Welding Machine Operator;RIE;Welding Machine Operator
Welfare Director;SEC;Welfare Director
Wholesaler;ESA;Wholesaler
Wildlife Control Agent;RSE;Wildlife Control Agent
Wind Energy Project Manager;IRC;Wind Energy Project Manager
Wind Turbine Service Technician;RIC;Wind Turbine Service Technician
Wine Maker;EIR;Wine Maker
Woodworking Machine Operator;RIC;Woodworking Machine Operator
"Winter, Fiction and Nonfiction";AIE;#N/A
"Yard Manager, Railroad Transportation";ESC;"Yard Manager, Railroad Transportation"
Zoo Veterinarian;ISE;Zoo Veterinarian
Zoologist;IRE;Zoologist
